,City,Lat,Lng,Max Temp,Humidity,Cloudiness,Wind Speed,Country,Date,Description
0,Plettenberg Bay,-34.05,23.37,57.29,78,99,2.15,ZA,2020-10-19 03:39:19,overcast clouds
1,Almaznyy,48.04,40.05,53.6,66,100,6.71,RU,2020-10-19 03:39:20,overcast clouds
2,Barrow,71.29,-156.79,23.0,79,90,14.99,US,2020-10-19 03:35:04,overcast clouds
3,Maxixe,-23.86,35.35,69.64,78,0,4.14,MZ,2020-10-19 03:39:20,clear sky
4,Ushuaia,-54.8,-68.3,37.4,74,20,16.11,AR,2020-10-19 03:35:09,few clouds
5,Port Alfred,-33.59,26.89,60.64,84,70,3.18,ZA,2020-10-19 03:39:21,broken clouds
6,Buala,-8.14,159.59,85.68,69,32,4.97,SB,2020-10-19 03:36:03,light rain
7,Butaritari,3.07,172.79,82.04,72,35,15.84,KI,2020-10-19 03:39:22,scattered clouds
8,Mae Sai,20.43,99.88,73.4,88,40,9.17,TH,2020-10-19 03:39:22,scattered clouds
9,Port Blair,11.67,92.75,82.53,81,99,18.28,IN,2020-10-19 03:39:23,moderate rain
10,Rikitea,-23.12,-134.97,74.62,81,100,20.0,PF,2020-10-19 03:39:23,light rain
11,Pankrushikha,53.83,80.34,35.01,81,52,10.49,RU,2020-10-19 03:39:23,broken clouds
12,Cape Town,-33.93,18.42,61.0,87,86,8.05,ZA,2020-10-19 03:37:02,overcast clouds
13,Mount Isa,-20.73,139.5,98.6,13,48,8.05,AU,2020-10-19 03:36:20,scattered clouds
14,Yellowknife,62.46,-114.35,23.0,92,90,2.24,CA,2020-10-19 03:36:52,light snow
15,Santa Rosa,14.31,121.11,89.6,59,75,9.17,PH,2020-10-19 03:39:25,broken clouds
16,Umm Kaddadah,13.6,26.69,79.45,17,17,6.33,SD,2020-10-19 03:39:25,few clouds
17,Ostrovnoy,68.05,39.51,36.3,80,100,15.52,RU,2020-10-19 03:39:25,overcast clouds
18,Khatanga,71.97,102.5,9.61,90,0,7.83,RU,2020-10-19 03:39:25,clear sky
19,Bluff,-46.6,168.33,53.01,76,92,10.0,NZ,2020-10-19 03:39:26,overcast clouds
20,Avarua,-21.21,-159.78,78.8,74,32,5.82,CK,2020-10-19 03:36:05,scattered clouds
21,Salalah,17.02,54.09,75.2,41,75,2.24,OM,2020-10-19 03:39:26,broken clouds
22,Yaransk,57.3,47.89,39.04,83,91,15.5,RU,2020-10-19 03:39:26,overcast clouds
23,Mataura,-46.19,168.86,53.01,76,100,10.0,NZ,2020-10-19 03:35:08,overcast clouds
24,Meulaboh,4.14,96.13,87.06,58,85,1.34,ID,2020-10-19 03:39:27,overcast clouds
25,Pisco,-13.7,-76.22,64.4,72,0,6.93,PE,2020-10-19 03:39:27,clear sky
26,Lebu,-37.62,-73.65,47.93,86,38,1.77,CL,2020-10-19 03:39:28,scattered clouds
27,Kirakira,-10.45,161.92,83.7,76,91,7.96,SB,2020-10-19 03:39:28,moderate rain
28,Awjilah,29.11,21.29,71.44,62,75,8.55,LY,2020-10-19 03:39:29,broken clouds
29,Port Elizabeth,-33.92,25.57,53.6,93,40,2.35,ZA,2020-10-19 03:39:29,scattered clouds
30,Chifeng,42.27,118.96,60.4,30,1,9.64,CN,2020-10-19 03:39:29,clear sky
31,Dingle,11.0,122.67,85.17,76,98,8.48,PH,2020-10-19 03:39:30,overcast clouds
32,Albany,42.6,-73.97,54.0,64,79,6.85,US,2020-10-19 03:36:56,broken clouds
33,Jamestown,42.1,-79.24,55.0,62,90,10.29,US,2020-10-19 03:35:03,overcast clouds
34,Castro,-24.79,-50.01,59.04,93,80,7.4,BR,2020-10-19 03:39:31,broken clouds
35,Tuatapere,-46.13,167.68,53.01,76,100,10.0,NZ,2020-10-19 03:39:31,overcast clouds
36,Chuy,-33.7,-53.46,61.9,89,0,6.67,UY,2020-10-19 03:37:28,clear sky
37,Poya,-21.35,165.15,78.31,47,7,5.86,NC,2020-10-19 03:39:31,clear sky
38,Atuona,-9.8,-139.03,78.53,74,1,19.44,PF,2020-10-19 03:39:32,clear sky
39,Hermanus,-34.42,19.23,57.99,87,80,3.29,ZA,2020-10-19 03:39:32,broken clouds
40,Aklavik,68.22,-135.01,5.0,84,20,7.0,CA,2020-10-19 03:39:32,few clouds
41,Gamba,-2.65,10.0,76.41,90,100,8.25,GA,2020-10-19 03:35:22,light rain
42,Nikolskoye,59.7,30.79,35.6,89,75,8.95,RU,2020-10-19 03:36:18,broken clouds
43,Punta Arenas,-53.15,-70.92,37.4,74,75,34.45,CL,2020-10-19 03:35:09,broken clouds
44,Invermere,50.52,-116.04,30.0,91,100,1.86,CA,2020-10-19 03:39:34,overcast clouds
45,Kapaa,22.08,-159.32,80.01,88,75,5.82,US,2020-10-19 03:39:34,broken clouds
46,Katherine,-14.47,132.27,96.8,32,24,9.17,AU,2020-10-19 03:34:51,few clouds
47,Ploemeur,47.73,-3.43,46.99,87,99,8.05,FR,2020-10-19 03:39:34,overcast clouds
48,New Norfolk,-42.78,147.06,63.0,63,97,3.0,AU,2020-10-19 03:35:29,overcast clouds
49,Hithadhoo,-0.6,73.08,83.14,75,68,13.65,MV,2020-10-19 03:34:36,broken clouds
50,Qui Nhon,13.77,109.23,82.36,75,100,2.53,VN,2020-10-19 03:39:37,overcast clouds
51,Cayenne,4.93,-52.33,75.2,100,0,8.99,GF,2020-10-19 03:36:27,clear sky
52,Hobart,-42.88,147.33,63.0,47,75,6.93,AU,2020-10-19 03:39:25,broken clouds
53,Matadi,-5.82,13.45,75.72,84,99,3.47,CD,2020-10-19 03:39:37,light rain
54,Hecun,36.53,114.11,70.88,22,0,6.33,CN,2020-10-19 03:39:37,clear sky
55,Souillac,-20.52,57.52,75.2,69,40,11.41,MU,2020-10-19 03:35:11,scattered clouds
56,Tokur,53.13,132.9,23.56,81,3,8.12,RU,2020-10-19 03:39:38,clear sky
57,Taksimo,56.34,114.88,32.02,92,97,2.57,RU,2020-10-19 03:39:38,overcast clouds
58,Yenagoa,4.92,6.26,75.18,95,66,3.4,NG,2020-10-19 03:39:39,broken clouds
59,Tuktoyaktuk,69.45,-133.04,14.0,92,40,2.24,CA,2020-10-19 03:39:39,scattered clouds
60,Puerto Ayora,-0.74,-90.35,70.0,93,100,5.99,EC,2020-10-19 03:39:07,overcast clouds
61,Bunia,1.57,30.25,61.61,96,78,2.33,CD,2020-10-19 03:39:39,broken clouds
62,Ingham,42.6,-84.38,41.0,100,90,4.7,US,2020-10-19 03:39:40,overcast clouds
63,Kwinana,-32.25,115.77,80.01,38,0,6.93,AU,2020-10-19 03:39:40,clear sky
64,Chokurdakh,70.63,147.92,19.42,98,91,6.4,RU,2020-10-19 03:36:14,overcast clouds
65,Norman Wells,65.28,-126.83,6.8,84,20,3.36,CA,2020-10-19 03:39:40,few clouds
66,Ancud,-41.87,-73.82,45.0,93,75,4.7,CL,2020-10-19 03:39:40,broken clouds
67,Ribeira Grande,38.52,-28.7,62.94,72,8,22.39,PT,2020-10-19 03:39:41,light rain
68,Cortez,37.35,-108.59,51.01,39,1,10.29,US,2020-10-19 03:39:41,clear sky
69,Luena,-11.78,19.92,61.63,77,0,2.3,AO,2020-10-19 03:39:41,clear sky
70,Cidreira,-30.18,-50.21,67.28,81,0,20.62,BR,2020-10-19 03:39:42,clear sky
71,Bredasdorp,-34.53,20.04,57.2,87,91,2.24,ZA,2020-10-19 03:35:54,overcast clouds
72,Qinzhou,21.95,108.62,66.88,74,100,14.5,CN,2020-10-19 03:39:42,overcast clouds
73,Busselton,-33.65,115.33,80.01,35,10,7.18,AU,2020-10-19 03:35:17,clear sky
74,Itarema,-2.92,-39.92,79.47,82,27,14.83,BR,2020-10-19 03:39:43,scattered clouds
75,Boende,-0.22,20.87,71.04,97,99,1.41,CD,2020-10-19 03:39:43,light rain
76,Ponta Do Sol,32.67,-17.1,73.4,83,75,34.45,PT,2020-10-19 03:37:29,broken clouds
77,Kodiak,57.79,-152.41,44.6,81,75,4.7,US,2020-10-19 03:39:43,broken clouds
78,Abalak,58.13,68.59,33.03,94,100,10.96,RU,2020-10-19 03:39:44,overcast clouds
79,Ridgecrest,35.62,-117.67,71.01,21,0,3.0,US,2020-10-19 03:35:02,clear sky
80,Jalingo,8.88,11.37,73.09,87,0,2.84,NG,2020-10-19 03:39:45,clear sky
81,Hilo,19.73,-155.09,78.8,78,90,4.7,US,2020-10-19 03:39:45,overcast clouds
82,Loreto,22.27,-101.97,62.92,47,66,12.01,MX,2020-10-19 03:39:45,broken clouds
83,Chara,56.91,118.26,29.3,90,36,0.83,RU,2020-10-19 03:39:46,scattered clouds
84,Saskylakh,71.92,114.08,19.62,97,98,6.33,RU,2020-10-19 03:39:46,overcast clouds
85,Saint-Georges,12.06,-61.75,80.6,88,20,4.7,GD,2020-10-19 03:39:46,few clouds
86,Havre-Saint-Pierre,50.23,-63.6,35.6,93,75,6.93,CA,2020-10-19 03:39:47,broken clouds
87,Kaitangata,-46.28,169.85,53.01,86,100,7.23,NZ,2020-10-19 03:39:47,overcast clouds
88,Cherskiy,68.75,161.3,22.35,94,81,6.82,RU,2020-10-19 03:36:18,broken clouds
89,Victor Harbor,-35.57,138.62,61.0,70,75,1.99,AU,2020-10-19 03:39:42,broken clouds
90,Rovaniemi,66.5,25.72,30.2,92,90,18.34,FI,2020-10-19 03:39:48,overcast clouds
91,Talnakh,69.49,88.4,10.4,92,20,13.42,RU,2020-10-19 03:39:48,few clouds
92,Menongue,-14.66,17.69,63.18,30,0,3.02,AO,2020-10-19 03:39:48,clear sky
93,Kavieng,-2.57,150.8,85.86,63,53,6.17,PG,2020-10-19 03:39:48,broken clouds
94,Zaltan,32.95,11.87,65.7,58,0,3.87,LY,2020-10-19 03:39:49,clear sky
95,Asau,46.43,26.4,43.0,90,43,4.41,RO,2020-10-19 03:39:49,scattered clouds
96,Prieska,-29.66,22.75,61.48,29,28,1.86,ZA,2020-10-19 03:39:49,scattered clouds
97,Nabire,-3.37,135.48,78.98,86,100,2.95,ID,2020-10-19 03:39:50,overcast clouds
98,Kpandae,8.47,-0.01,73.2,94,1,3.85,GH,2020-10-19 03:39:50,clear sky
99,Poros,37.5,23.45,64.99,61,5,1.99,GR,2020-10-19 03:39:50,clear sky
100,Saint-Philippe,-21.36,55.77,75.2,53,75,4.7,RE,2020-10-19 03:39:50,broken clouds
101,Lensk,60.73,114.93,29.46,96,100,3.65,RU,2020-10-19 03:39:51,overcast clouds
102,Samarai,-10.62,150.67,82.27,78,67,9.28,PG,2020-10-19 03:36:27,broken clouds
103,Belyy Yar,53.6,91.39,35.6,59,31,13.42,RU,2020-10-19 03:39:51,scattered clouds
104,Ahipara,-35.17,173.17,63.66,73,44,11.81,NZ,2020-10-19 03:37:25,scattered clouds
105,Volga,57.95,38.39,36.23,89,86,9.98,RU,2020-10-19 03:39:52,overcast clouds
106,Shimoda,34.67,138.95,64.4,63,75,17.22,JP,2020-10-19 03:39:52,light rain
107,Honiara,-9.43,159.95,87.8,74,40,10.29,SB,2020-10-19 03:39:53,scattered clouds
108,Bathsheba,13.22,-59.52,77.0,88,20,3.36,BB,2020-10-19 03:36:16,few clouds
109,Faanui,-16.48,-151.75,79.65,80,68,10.65,PF,2020-10-19 03:39:53,broken clouds
110,Marawi,8.0,124.29,82.0,80,97,4.0,PH,2020-10-19 03:39:53,moderate rain
111,Mbandaka,0.05,18.26,71.06,96,95,2.59,CD,2020-10-19 03:39:54,overcast clouds
112,Vila Velha,-20.33,-40.29,68.0,100,90,4.7,BR,2020-10-19 03:39:54,overcast clouds
113,Yuyao,30.05,121.15,69.8,60,75,8.95,CN,2020-10-19 03:39:54,broken clouds
114,Namibe,-15.2,12.15,66.72,83,0,2.77,AO,2020-10-19 03:36:27,clear sky
115,Tailai,46.38,123.4,55.99,92,0,1.01,CN,2020-10-19 03:39:54,clear sky
116,Saint Anthony,45.02,-93.22,33.8,63,75,5.46,US,2020-10-19 03:39:55,broken clouds
117,Chake Chake,-5.25,39.77,78.1,79,22,4.56,TZ,2020-10-19 03:39:55,few clouds
118,Peterhead,57.51,-1.8,46.4,93,100,8.05,GB,2020-10-19 03:39:55,overcast clouds
119,Vavuniya,8.75,80.5,85.23,66,90,6.64,LK,2020-10-19 03:39:56,overcast clouds
120,Concarneau,47.88,-3.92,48.2,87,97,4.7,FR,2020-10-19 03:39:56,overcast clouds
121,Paamiut,61.99,-49.67,40.46,91,100,14.94,GL,2020-10-19 03:39:56,overcast clouds
122,Touros,-5.2,-35.46,77.0,78,40,6.93,BR,2020-10-19 03:38:26,scattered clouds
123,Saint-Leu,-21.15,55.28,75.2,53,75,4.7,RE,2020-10-19 03:39:57,broken clouds
124,Yulara,-25.24,130.99,73.4,69,75,19.46,AU,2020-10-19 03:39:57,broken clouds
125,Jijiga,9.35,42.8,65.75,40,0,3.65,ET,2020-10-19 03:39:57,clear sky
126,Saint George,37.1,-113.58,73.4,13,1,4.7,US,2020-10-19 03:37:36,clear sky
127,Kiruna,67.86,20.23,26.6,86,100,13.87,SE,2020-10-19 03:39:58,overcast clouds
128,Los Llanos De Aridane,28.66,-17.92,75.2,83,78,14.99,ES,2020-10-19 03:39:58,broken clouds
129,Ushtobe,45.25,77.98,53.51,42,0,11.14,KZ,2020-10-19 03:39:58,clear sky
130,Lompoc,34.64,-120.46,59.0,93,90,6.93,US,2020-10-19 03:35:04,overcast clouds
131,Vaini,-21.2,-175.2,73.4,78,75,10.29,TO,2020-10-19 03:36:02,broken clouds
132,Gambela,8.25,34.58,68.95,84,15,2.37,ET,2020-10-19 03:39:59,few clouds
133,Severo-Kurilsk,50.68,156.12,49.41,79,47,11.77,RU,2020-10-19 03:39:59,light rain
134,Upernavik,72.79,-56.15,34.7,81,100,7.16,GL,2020-10-19 03:36:15,overcast clouds
135,Petropavlovsk-Kamchatskiy,53.05,158.65,55.4,54,40,6.71,RU,2020-10-19 03:40:00,scattered clouds
136,Ambilobe,-13.2,49.05,76.19,56,0,3.62,MG,2020-10-19 03:40:00,clear sky
137,Fort Portal,0.66,30.27,60.37,100,100,0.92,UG,2020-10-19 03:40:00,overcast clouds
138,Sisimiut,66.94,-53.67,41.11,83,100,25.32,GL,2020-10-19 03:40:01,light rain
139,Saldanha,-33.01,17.94,57.42,88,73,9.57,ZA,2020-10-19 03:40:01,broken clouds
140,Khorixas,-20.37,14.97,66.34,29,0,4.56,NA,2020-10-19 03:36:13,clear sky
141,Sorong,-0.88,131.25,86.2,69,100,9.98,ID,2020-10-19 03:37:24,overcast clouds
142,Fortuna,40.6,-124.16,57.0,100,90,4.7,US,2020-10-19 03:40:02,overcast clouds
143,Faya,18.39,42.45,53.6,30,0,8.05,SA,2020-10-19 03:40:02,clear sky
144,Anta,25.15,76.3,85.15,45,81,6.24,IN,2020-10-19 03:40:03,broken clouds
145,Hami,42.8,93.45,58.62,30,35,5.41,CN,2020-10-19 03:40:03,scattered clouds
146,Mar Del Plata,-38.0,-57.56,71.6,94,90,26.4,AR,2020-10-19 03:35:59,moderate rain
147,Palaia Fokaia,37.72,23.95,64.99,59,20,5.82,GR,2020-10-19 03:40:04,few clouds
148,Churapcha,62.0,132.43,17.8,94,96,6.69,RU,2020-10-19 03:40:04,overcast clouds
149,Fairbanks,64.84,-147.72,19.99,67,90,2.53,US,2020-10-19 03:38:19,overcast clouds
150,Oranjemund,-28.55,16.43,55.67,90,38,7.63,NA,2020-10-19 03:40:05,scattered clouds
151,Broome,42.25,-75.83,53.01,62,90,11.41,US,2020-10-19 03:40:05,overcast clouds
152,Winslow,35.02,-110.7,66.2,15,1,8.05,US,2020-10-19 03:40:05,clear sky
153,Baykit,61.67,96.37,26.82,92,100,13.87,RU,2020-10-19 03:40:05,light snow
154,Chapais,49.78,-74.85,42.8,87,90,20.8,CA,2020-10-19 03:40:07,light rain
155,Beringovskiy,63.05,179.32,35.76,80,25,5.17,RU,2020-10-19 03:40:07,scattered clouds
156,Kahului,20.89,-156.47,87.8,52,40,5.82,US,2020-10-19 03:39:00,scattered clouds
157,Adrar,20.5,-10.07,81.39,27,0,8.86,MR,2020-10-19 03:36:22,clear sky
158,Sitka,57.05,-135.33,41.0,80,40,4.7,US,2020-10-19 03:40:08,scattered clouds
159,Bosaso,11.28,49.18,84.15,44,0,3.69,SO,2020-10-19 03:40:09,clear sky
160,Luwuk,-0.95,122.79,85.24,65,100,6.15,ID,2020-10-19 03:37:54,light rain
161,Mantua,45.17,10.78,48.99,95,26,1.01,IT,2020-10-19 03:37:48,scattered clouds
162,Presidente Olegario,-18.42,-46.42,66.0,100,100,1.99,BR,2020-10-19 03:40:10,light rain
163,Tamiahua,21.27,-97.45,76.42,85,67,2.68,MX,2020-10-19 03:40:10,broken clouds
164,Erdemli,36.6,34.31,70.0,74,0,5.7,TR,2020-10-19 03:40:10,clear sky
165,Shahreza,32.03,51.88,52.36,28,0,1.52,IR,2020-10-19 03:40:10,clear sky
166,Jalu,29.03,21.55,72.3,52,97,8.61,LY,2020-10-19 03:40:11,overcast clouds
167,Karratha,-20.74,116.85,85.68,31,0,14.88,AU,2020-10-19 03:35:32,clear sky
168,Arraial Do Cabo,-22.97,-42.03,71.24,80,99,22.41,BR,2020-10-19 03:40:11,overcast clouds
169,Haines Junction,60.75,-137.51,23.54,81,100,0.92,CA,2020-10-19 03:36:19,overcast clouds
170,Naze,28.37,129.48,78.8,83,75,23.04,JP,2020-10-19 03:40:12,broken clouds
171,Leningradskiy,69.38,178.42,24.6,88,0,7.2,RU,2020-10-19 03:37:26,clear sky
172,San Francisco,37.77,-122.42,66.2,63,1,10.29,US,2020-10-19 03:36:14,clear sky
173,Pevek,69.7,170.31,26.46,94,14,16.46,RU,2020-10-19 03:40:13,few clouds
174,Novyye Burasy,52.13,46.07,48.0,75,100,1.99,RU,2020-10-19 03:40:13,overcast clouds
175,Genhe,50.78,121.52,44.02,61,69,5.41,CN,2020-10-19 03:40:13,broken clouds
176,Qaanaaq,77.48,-69.36,25.63,86,37,7.31,GL,2020-10-19 03:40:13,scattered clouds
177,Ilheus,-14.79,-39.05,70.79,90,33,4.61,BR,2020-10-19 03:36:04,scattered clouds
178,Bethel,41.37,-73.41,48.0,94,51,3.51,US,2020-10-19 03:40:14,broken clouds
179,Mahebourg,-20.41,57.7,75.2,69,40,11.41,MU,2020-10-19 03:36:17,scattered clouds
180,Zhanaozen,43.3,52.8,56.62,33,0,17.02,KZ,2020-10-19 03:40:15,clear sky
181,Te Anau,-45.42,167.72,45.52,88,100,1.25,NZ,2020-10-19 03:36:02,overcast clouds
182,Mabaruma,8.2,-59.78,74.41,88,29,2.93,GY,2020-10-19 03:40:15,scattered clouds
183,Cockburn Town,21.46,-71.14,82.2,74,98,13.96,TC,2020-10-19 03:37:17,overcast clouds
184,Clocolan,-28.91,27.57,59.92,33,0,3.42,ZA,2020-10-19 03:40:16,clear sky
185,Alugan,12.22,125.48,83.07,82,100,5.5,PH,2020-10-19 03:40:17,heavy intensity rain
186,Hammond,41.58,-87.5,39.2,100,1,4.7,US,2020-10-19 03:38:19,clear sky
187,Belmonte,-15.86,-38.88,73.4,83,75,5.82,BR,2020-10-19 03:40:17,broken clouds
188,Iranshahr,27.2,60.68,59.0,11,0,4.7,IR,2020-10-19 03:40:18,clear sky
189,Khandyga,62.67,135.6,19.35,92,100,2.95,RU,2020-10-19 03:40:18,overcast clouds
190,Kathmandu,27.72,85.32,71.6,78,75,2.24,NP,2020-10-19 03:36:11,mist
191,Pahrump,36.21,-115.98,78.8,13,1,3.76,US,2020-10-19 03:39:47,clear sky
192,Forest Hills,42.96,-85.49,37.0,92,99,2.75,US,2020-10-19 03:40:19,overcast clouds
193,Rincon,32.3,-81.24,66.2,77,20,9.17,US,2020-10-19 03:39:55,few clouds
194,Sivas,39.79,37.0,48.2,76,40,8.05,TR,2020-10-19 03:40:19,scattered clouds
195,Cap Malheureux,-19.98,57.61,78.01,65,1,7.0,MU,2020-10-19 03:40:20,clear sky
196,The Pas,53.83,-101.25,30.2,92,90,10.29,CA,2020-10-19 03:40:20,light snow
197,Makakilo City,21.35,-158.09,82.4,69,40,8.05,US,2020-10-19 03:39:20,light rain
198,Waitati,-45.75,170.57,53.01,90,100,10.0,NZ,2020-10-19 03:40:21,light rain
199,Georgetown,5.41,100.34,86.0,70,20,3.36,MY,2020-10-19 03:40:21,few clouds
200,Kysyl-Syr,63.9,122.76,19.36,89,15,2.33,RU,2020-10-19 03:40:21,few clouds
201,Liangxiang,39.73,116.14,73.0,22,0,4.47,CN,2020-10-19 03:40:21,clear sky
202,Kalga,50.93,118.9,49.05,51,5,6.55,RU,2020-10-19 03:40:22,clear sky
203,Beloha,-25.17,45.05,69.24,70,0,10.0,MG,2020-10-19 03:40:22,clear sky
204,Guerrero Negro,27.98,-114.06,72.28,73,99,7.34,MX,2020-10-19 03:40:23,overcast clouds
205,Tarakan,3.3,117.63,81.52,77,100,4.5,ID,2020-10-19 03:40:23,overcast clouds
206,Bereda,43.27,-7.54,55.99,100,100,1.99,ES,2020-10-19 03:40:23,overcast clouds
207,Taoudenni,22.68,-3.98,76.03,19,0,4.79,ML,2020-10-19 03:40:24,clear sky
208,Sorland,67.67,12.69,30.2,80,0,2.24,NO,2020-10-19 03:40:24,clear sky
209,East London,-33.02,27.91,55.4,87,40,2.24,ZA,2020-10-19 03:35:58,scattered clouds
210,Bairiki,1.33,172.98,86.0,66,20,9.17,KI,2020-10-19 03:40:24,few clouds
211,Airai,-8.93,125.41,80.89,38,66,5.41,TL,2020-10-19 03:40:25,broken clouds
212,Maldonado,-34.67,-54.92,71.6,73,0,10.29,UY,2020-10-19 03:40:25,clear sky
213,Luderitz,-26.65,15.16,61.03,55,1,14.7,NA,2020-10-19 03:40:25,clear sky
214,Vostok,46.49,135.88,40.33,63,0,8.9,RU,2020-10-19 03:40:25,clear sky
215,Kaitong,44.81,123.15,60.03,32,0,9.19,CN,2020-10-19 03:40:26,clear sky
216,Samoded,63.61,40.51,30.07,99,100,7.25,RU,2020-10-19 03:40:26,snow
217,Torbay,47.67,-52.73,53.01,100,90,2.24,CA,2020-10-19 03:36:09,mist
218,Lorengau,-2.02,147.27,84.18,74,82,4.68,PG,2020-10-19 03:39:43,moderate rain
219,Sechura,-5.56,-80.82,65.41,79,83,10.13,PE,2020-10-19 03:40:27,broken clouds
220,Mayumba,-3.43,10.66,77.13,89,94,9.75,GA,2020-10-19 03:40:27,light rain
221,Bilibino,68.05,166.44,18.34,95,98,1.92,RU,2020-10-19 03:40:27,overcast clouds
222,Marau,-28.45,-52.2,60.98,77,0,7.23,BR,2020-10-19 03:40:27,clear sky
223,Bonavista,48.65,-53.11,52.0,77,75,1.99,CA,2020-10-19 03:40:28,broken clouds
224,Sistranda,63.73,8.83,39.2,86,75,10.29,NO,2020-10-19 03:40:28,shower rain
225,Hualmay,-11.1,-77.61,61.39,84,12,8.9,PE,2020-10-19 03:40:28,few clouds
226,Mujiayingzi,42.12,118.78,58.44,33,10,10.71,CN,2020-10-19 03:40:29,clear sky
227,Odweyne,9.41,45.06,72.75,42,0,4.65,SO,2020-10-19 03:40:29,clear sky
228,Saint-Pierre,-21.34,55.48,75.2,53,75,4.7,RE,2020-10-19 03:36:24,broken clouds
229,Rodrigues Alves,-7.74,-72.65,73.8,78,49,1.63,BR,2020-10-19 03:40:29,scattered clouds
230,Hamilton,39.18,-84.53,57.2,82,90,6.93,US,2020-10-19 03:38:06,overcast clouds
231,Ilulissat,69.22,-51.1,51.8,40,100,23.04,GL,2020-10-19 03:36:11,overcast clouds
232,Flinders,-34.58,150.86,69.01,62,46,4.0,AU,2020-10-19 03:40:30,scattered clouds
233,Tautira,-17.73,-149.15,84.2,66,20,6.93,PF,2020-10-19 03:36:00,few clouds
234,Lavrentiya,65.58,-171.0,34.92,87,13,6.06,RU,2020-10-19 03:40:31,few clouds
235,Bridlington,54.08,-0.19,48.2,93,75,5.82,GB,2020-10-19 03:40:31,haze
236,Laguna,38.42,-121.42,75.99,46,1,5.97,US,2020-10-19 03:36:06,clear sky
237,Tasiilaq,65.61,-37.64,32.0,95,98,1.12,GL,2020-10-19 03:35:48,overcast clouds
238,Raga,8.46,25.68,68.67,92,6,2.86,SS,2020-10-19 03:40:32,clear sky
239,Morgan City,29.7,-91.21,73.4,94,1,4.7,US,2020-10-19 03:40:33,clear sky
240,Olafsvik,64.89,-23.71,41.29,74,21,29.75,IS,2020-10-19 03:40:33,few clouds
241,Jacareacanga,-6.22,-57.75,73.76,94,97,2.37,BR,2020-10-19 03:40:33,light rain
242,Deputatskiy,69.3,139.9,12.22,95,100,6.71,RU,2020-10-19 03:40:34,overcast clouds
243,Melita,49.27,-101.0,25.0,68,44,5.99,CA,2020-10-19 03:40:34,scattered clouds
244,Chumikan,54.72,135.31,32.49,76,92,18.66,RU,2020-10-19 03:40:34,overcast clouds
245,Kiama,-34.68,150.87,69.01,62,40,4.0,AU,2020-10-19 03:40:35,scattered clouds
246,Kisumu,-0.1,34.76,66.2,88,75,2.53,KE,2020-10-19 03:40:35,broken clouds
247,Cocorit,27.58,-109.97,79.99,72,38,2.64,MX,2020-10-19 03:40:35,scattered clouds
248,Neiafu,-18.65,-173.98,77.0,69,75,5.82,TO,2020-10-19 03:40:35,broken clouds
249,Hambantota,6.12,81.12,82.4,83,90,8.05,LK,2020-10-19 03:37:23,overcast clouds
250,Vaitape,-16.52,-151.75,80.44,79,65,10.83,PF,2020-10-19 03:40:36,broken clouds
251,Corning,42.14,-77.05,55.4,50,75,6.93,US,2020-10-19 03:40:36,broken clouds
252,Galesong,-5.32,119.37,89.6,66,20,9.17,ID,2020-10-19 03:40:36,few clouds
253,Muros,42.78,-9.06,62.01,48,94,13.87,ES,2020-10-19 03:36:26,overcast clouds
254,Evensk,61.95,159.23,38.16,91,100,4.09,RU,2020-10-19 03:40:37,light rain
255,Sur,22.57,59.53,84.92,38,22,20.22,OM,2020-10-19 03:40:37,few clouds
256,Altay,47.87,88.12,37.67,69,71,11.25,CN,2020-10-19 03:40:38,broken clouds
257,Saint Paul,44.94,-93.09,34.0,47,20,6.93,US,2020-10-19 03:40:38,few clouds
258,Lodwar,3.12,35.6,82.02,54,29,9.42,KE,2020-10-19 03:37:39,scattered clouds
259,Maniitsoq,65.42,-52.9,39.92,84,100,29.8,GL,2020-10-19 03:40:38,light rain
260,Meghri,38.9,46.24,64.63,29,0,2.44,AM,2020-10-19 03:40:39,clear sky
261,Iaciara,-14.1,-46.63,75.38,67,98,3.22,BR,2020-10-19 03:40:39,overcast clouds
262,Wyndham,37.7,-77.61,57.0,93,75,2.8,US,2020-10-19 03:40:39,broken clouds
263,Christchurch,-43.53,172.63,75.2,31,22,17.22,NZ,2020-10-19 03:39:43,few clouds
264,Bubaque,11.28,-15.83,81.7,88,7,14.38,GW,2020-10-19 03:40:40,clear sky
265,Camacha,33.08,-16.33,73.4,83,40,24.16,PT,2020-10-19 03:40:40,scattered clouds
266,Kieta,-6.22,155.63,84.24,68,53,2.01,PG,2020-10-19 03:40:41,light rain
267,Nemuro,43.32,145.57,64.4,39,20,4.7,JP,2020-10-19 03:40:41,few clouds
268,Kropotkin,45.44,40.58,60.4,90,75,2.48,RU,2020-10-19 03:40:41,broken clouds
269,Mwinilunga,-11.74,24.43,61.92,55,0,3.44,ZM,2020-10-19 03:40:41,clear sky
270,Altus,34.64,-99.33,48.2,70,90,12.75,US,2020-10-19 03:40:41,overcast clouds
271,Bambous Virieux,-20.34,57.76,78.01,69,40,11.41,MU,2020-10-19 03:40:42,scattered clouds
272,Zwedru,6.07,-8.13,70.95,98,83,1.43,LR,2020-10-19 03:40:42,broken clouds
273,Pangnirtung,66.15,-65.71,32.76,94,100,5.93,CA,2020-10-19 03:40:42,overcast clouds
274,Fort Abbas,29.19,72.85,88.27,12,0,5.79,PK,2020-10-19 03:40:43,clear sky
275,Katsuura,35.13,140.3,64.4,55,75,8.05,JP,2020-10-19 03:40:43,broken clouds
276,Longyearbyen,78.22,15.64,24.8,79,40,10.29,SJ,2020-10-19 03:40:43,scattered clouds
277,Krutinka,56.01,71.51,36.59,78,99,19.64,RU,2020-10-19 03:40:44,overcast clouds
278,Dicabisagan,17.08,122.42,84.63,69,80,10.6,PH,2020-10-19 03:40:44,broken clouds
279,Dakar,14.69,-17.44,80.6,94,40,4.7,SN,2020-10-19 03:40:44,scattered clouds
280,Aasiaat,68.71,-52.87,37.4,83,100,12.1,GL,2020-10-19 03:40:44,overcast clouds
281,Bambanglipuro,-7.95,110.28,81.54,74,96,9.73,ID,2020-10-19 03:40:45,overcast clouds
282,Owando,-0.48,15.9,69.85,98,81,2.26,CG,2020-10-19 03:40:45,broken clouds
283,Fukue,32.69,128.84,69.8,49,75,13.87,JP,2020-10-19 03:40:45,broken clouds
284,Nuuk,64.18,-51.72,41.0,100,100,46.08,GL,2020-10-19 03:40:46,light snow
285,Alice Springs,-23.7,133.88,75.2,44,75,11.41,AU,2020-10-19 03:40:08,light intensity shower rain
286,Trairi,-3.28,-39.27,80.29,76,84,15.41,BR,2020-10-19 03:40:47,broken clouds
287,Nome,64.5,-165.41,39.2,93,90,14.99,US,2020-10-19 03:40:47,light rain
288,Codrington,-38.27,141.97,55.94,74,97,8.77,AU,2020-10-19 03:36:02,overcast clouds
289,Tomatlan,19.93,-105.25,78.01,90,97,2.86,MX,2020-10-19 03:40:47,overcast clouds
290,Itambe,-15.24,-40.62,68.77,87,96,3.67,BR,2020-10-19 03:40:48,overcast clouds
291,Port Lincoln,-34.73,135.87,59.9,59,2,9.98,AU,2020-10-19 03:40:48,clear sky
292,Henties Bay,-22.12,14.28,57.99,91,0,5.01,NA,2020-10-19 03:40:49,clear sky
293,Novobiryusinskiy,56.96,97.71,33.73,83,99,15.12,RU,2020-10-19 03:40:49,overcast clouds
294,Rio Gallegos,-51.62,-69.22,41.0,60,90,16.11,AR,2020-10-19 03:40:49,overcast clouds
295,Ban Phai,16.06,102.73,71.6,94,75,5.82,TH,2020-10-19 03:40:50,mist
296,Scarborough,54.28,-0.4,46.99,91,72,1.99,GB,2020-10-19 03:40:50,broken clouds
297,Kualakapuas,-3.01,114.39,78.8,88,75,8.05,ID,2020-10-19 03:40:50,broken clouds
298,Sao Filipe,14.9,-24.5,80.17,80,95,3.36,CV,2020-10-19 03:36:20,overcast clouds
299,Hobyo,5.35,48.53,79.77,80,33,13.76,SO,2020-10-19 03:40:50,scattered clouds
300,Alofi,-19.06,-169.92,74.53,82,100,15.52,NU,2020-10-19 03:37:55,overcast clouds
301,Altagracia De Orituco,9.86,-66.38,71.96,90,13,1.86,VE,2020-10-19 03:40:51,few clouds
302,Vao,-22.67,167.48,71.74,79,34,15.01,NC,2020-10-19 03:40:51,scattered clouds
303,Waingapu,-9.66,120.26,88.81,57,7,12.35,ID,2020-10-19 03:40:52,light rain
304,Kurya,51.6,82.29,36.86,76,1,7.23,RU,2020-10-19 03:40:52,clear sky
305,Dikson,73.51,80.55,26.13,96,18,28.23,RU,2020-10-19 03:40:52,few clouds
306,Choya,52.01,86.55,35.8,80,100,8.72,RU,2020-10-19 03:40:52,overcast clouds
307,Murud,18.33,72.97,81.25,79,99,1.86,IN,2020-10-19 03:40:53,overcast clouds
308,Thompson,55.74,-97.86,24.8,100,75,3.36,CA,2020-10-19 03:36:02,broken clouds
309,Carnaiba,-8.7,-37.67,65.35,89,2,7.99,BR,2020-10-19 03:40:53,clear sky
310,Tahe,52.33,124.73,37.31,71,41,3.36,CN,2020-10-19 03:40:54,scattered clouds
311,Praia Da Vitoria,38.73,-27.07,57.2,87,75,15.21,PT,2020-10-19 03:40:54,broken clouds
312,Boxmeer,51.65,5.95,48.2,93,40,4.7,NL,2020-10-19 03:40:54,scattered clouds
313,Falun,60.6,15.63,35.01,80,0,6.93,SE,2020-10-19 03:40:55,clear sky
314,Kruisfontein,-34.0,24.73,53.83,90,100,3.2,ZA,2020-10-19 03:40:55,overcast clouds
315,Dukat,62.55,155.55,24.17,94,61,3.02,RU,2020-10-19 03:40:55,broken clouds
316,Salinas,36.68,-121.66,60.8,87,90,10.29,US,2020-10-19 03:40:56,mist
317,Anadyr,64.75,177.48,32.0,86,98,2.24,RU,2020-10-19 03:40:56,overcast clouds
318,Kamloops,50.67,-120.32,41.0,80,90,4.7,CA,2020-10-19 03:40:56,overcast clouds
319,Pedraza,10.19,-74.92,76.53,93,100,4.21,CO,2020-10-19 03:40:56,light rain
320,Lata,40.16,-8.33,62.01,75,49,7.0,PT,2020-10-19 03:36:03,scattered clouds
321,Havoysund,71.0,24.66,28.4,92,78,5.82,NO,2020-10-19 03:40:57,broken clouds
322,King City,36.21,-121.13,62.01,36,0,1.39,US,2020-10-19 03:40:57,clear sky
323,Tabou,4.42,-7.35,76.3,90,85,6.24,CI,2020-10-19 03:40:57,light rain
324,Andenes,69.31,16.12,32.0,66,20,5.82,NO,2020-10-19 03:40:58,few clouds
325,Bengkulu,-3.8,102.27,84.18,65,77,3.31,ID,2020-10-19 03:40:58,broken clouds
326,Muyezerskiy,63.93,31.65,31.01,98,100,8.21,RU,2020-10-19 03:40:58,light snow
327,Atikokan,48.76,-91.62,25.45,90,56,4.14,CA,2020-10-19 03:40:58,broken clouds
328,Biak,-0.91,122.88,83.37,68,100,6.29,ID,2020-10-19 03:40:59,overcast clouds
329,Newport,51.59,-3.0,48.0,95,100,8.86,GB,2020-10-19 03:39:24,overcast clouds
330,Mattru,7.62,-11.83,73.45,98,100,1.41,SL,2020-10-19 03:36:41,overcast clouds
331,Labuan,5.28,115.24,73.4,100,40,3.36,MY,2020-10-19 03:36:33,heavy intensity rain
332,Les Cayes,18.2,-73.75,77.88,78,90,3.74,HT,2020-10-19 03:41:00,overcast clouds
333,Constitucion,-35.33,-72.42,48.58,75,0,10.51,CL,2020-10-19 03:41:00,clear sky
334,Lasa,46.62,10.7,39.0,71,5,2.08,IT,2020-10-19 03:41:00,clear sky
335,Veraval,20.9,70.37,84.63,72,87,6.91,IN,2020-10-19 03:41:00,overcast clouds
336,Wanning,18.8,110.4,78.37,85,99,19.86,CN,2020-10-19 03:41:01,light rain
337,Amatitan,20.83,-103.72,68.0,64,75,3.36,MX,2020-10-19 03:41:01,broken clouds
338,Yerbogachen,61.28,108.01,30.78,90,88,15.75,RU,2020-10-19 03:41:01,overcast clouds
339,Warren,39.43,-84.17,55.99,100,1,4.7,US,2020-10-19 03:40:40,clear sky
340,Mahajanga,-15.72,46.32,73.4,64,20,6.93,MG,2020-10-19 03:41:02,few clouds
341,Bilma,18.69,12.92,76.71,19,0,3.87,NE,2020-10-19 03:36:29,clear sky
342,Nanortalik,60.14,-45.24,39.31,88,97,4.7,GL,2020-10-19 03:36:05,overcast clouds
343,Ryotsu,38.08,138.43,62.6,72,75,9.17,JP,2020-10-19 03:41:02,broken clouds
344,Birjand,32.87,59.22,35.6,27,0,5.06,IR,2020-10-19 03:41:03,clear sky
345,Beyneu,45.32,55.2,55.72,34,0,13.62,KZ,2020-10-19 03:41:03,clear sky
346,Halifax,44.65,-63.57,50.0,96,42,1.01,CA,2020-10-19 03:40:53,scattered clouds
347,Kutum,14.2,24.67,71.94,21,58,9.75,SD,2020-10-19 03:41:04,broken clouds
348,Iqaluit,63.75,-68.51,32.0,93,20,16.11,CA,2020-10-19 03:39:29,few clouds
349,Nantucket,41.28,-70.1,54.0,72,1,6.93,US,2020-10-19 03:41:04,clear sky
350,Colchester,51.89,0.9,48.2,87,93,5.82,GB,2020-10-19 03:41:04,overcast clouds
351,Chiman,32.55,73.81,68.0,77,0,1.92,PK,2020-10-19 03:41:05,smoke
352,Roma,43.21,-75.46,55.99,54,90,10.29,US,2020-10-19 03:41:05,overcast clouds
353,Klyuchi,52.27,79.17,38.03,72,15,8.08,RU,2020-10-19 03:41:06,few clouds
354,Tiksi,71.69,128.87,16.38,94,94,18.39,RU,2020-10-19 03:41:07,overcast clouds
355,Tanout,14.97,8.89,83.43,15,0,7.02,NE,2020-10-19 03:41:07,clear sky
356,Kaeo,-35.1,173.78,63.66,74,55,11.86,NZ,2020-10-19 03:41:07,broken clouds
357,Winburg,-28.52,27.01,64.17,28,0,5.61,ZA,2020-10-19 03:41:07,clear sky
358,Balfour,-26.66,28.59,64.0,68,0,3.0,ZA,2020-10-19 03:41:07,clear sky
359,Hervey Bay,-25.3,152.85,84.2,48,40,17.22,AU,2020-10-19 03:40:41,scattered clouds
360,Esperance,-33.87,121.9,69.8,73,90,5.82,AU,2020-10-19 03:37:41,light rain
361,Bagan,54.1,77.66,35.89,79,83,10.71,RU,2020-10-19 03:41:08,broken clouds
362,Kambia,9.12,-12.92,75.54,95,91,0.54,SL,2020-10-19 03:41:09,overcast clouds
363,Belawan,3.78,98.68,87.8,70,20,3.36,ID,2020-10-19 03:41:09,few clouds
364,Marsa Matruh,31.35,27.25,73.44,56,71,8.61,EG,2020-10-19 03:41:09,broken clouds
365,Ulladulla,-35.35,150.47,62.6,59,75,10.29,AU,2020-10-19 03:36:19,broken clouds
366,Manado,1.49,124.85,91.4,46,40,10.29,ID,2020-10-19 03:41:10,scattered clouds
367,Lekoni,-1.58,14.26,70.7,93,100,4.59,GA,2020-10-19 03:41:10,light rain
368,Barkhan,29.9,69.53,72.86,15,0,2.91,PK,2020-10-19 03:41:10,clear sky
369,Namatanai,-3.67,152.43,86.41,61,56,3.15,PG,2020-10-19 03:41:10,broken clouds
370,Kaiyuan,23.7,103.3,64.69,63,93,5.86,CN,2020-10-19 03:41:11,overcast clouds
371,Polunochnoye,60.87,60.42,31.73,99,99,5.86,RU,2020-10-19 03:41:11,overcast clouds
372,Zhaoyuan,37.36,120.4,69.4,24,0,5.28,CN,2020-10-19 03:41:11,clear sky
373,Carnarvon,-24.87,113.63,75.2,64,49,17.22,AU,2020-10-19 03:41:12,scattered clouds
374,Barinas,8.62,-70.21,72.9,89,100,4.45,VE,2020-10-19 03:41:12,overcast clouds
375,Roald,62.58,6.13,39.2,86,95,4.7,NO,2020-10-19 03:41:12,light intensity drizzle
376,Mahon,39.89,4.27,59.0,72,0,4.7,ES,2020-10-19 03:41:12,clear sky
377,Santa Cruz,-17.8,-63.17,77.0,73,15,6.93,BO,2020-10-19 03:40:43,few clouds
378,Druzhba,52.04,33.95,42.4,85,100,14.0,UA,2020-10-19 03:41:13,overcast clouds
379,Montemurlo,43.92,11.03,51.01,100,0,1.12,IT,2020-10-19 03:41:13,clear sky
380,Imeni Poliny Osipenko,52.42,136.49,35.98,58,2,9.15,RU,2020-10-19 03:41:13,clear sky
381,Arraias,-12.93,-46.94,80.64,44,67,5.12,BR,2020-10-19 03:41:14,broken clouds
382,Coihaique,-45.58,-72.07,37.4,87,90,5.82,CL,2020-10-19 03:41:14,light rain
383,Cabo San Lucas,22.89,-109.91,82.4,74,20,8.86,MX,2020-10-19 03:36:38,few clouds
384,Geraldton,-28.77,114.6,73.4,64,90,12.75,AU,2020-10-19 03:41:15,overcast clouds
385,Lakes Entrance,-37.88,147.98,66.99,59,3,5.99,AU,2020-10-19 03:41:15,clear sky
386,Quibdo,5.69,-76.66,74.44,95,100,2.95,CO,2020-10-19 03:38:36,moderate rain
387,Burns Lake,54.23,-125.75,28.15,97,100,1.7,CA,2020-10-19 03:41:16,snow
388,Wokha,26.1,94.27,65.23,100,72,1.19,IN,2020-10-19 03:41:16,broken clouds
389,Gigmoto,13.78,124.39,85.64,73,100,10.04,PH,2020-10-19 03:39:46,light rain
390,Midrand,-25.96,28.14,66.2,67,5,2.24,ZA,2020-10-19 03:41:16,clear sky
391,Nekrasovka,48.35,135.23,41.0,27,91,6.71,RU,2020-10-19 03:41:17,overcast clouds
392,Dargaville,-35.93,173.88,65.08,68,62,13.98,NZ,2020-10-19 03:41:17,broken clouds
393,Stokmarknes,68.56,14.91,35.6,64,0,8.05,NO,2020-10-19 03:41:17,clear sky
394,Bad Essen,52.32,8.33,46.99,91,100,1.01,DE,2020-10-19 03:41:18,overcast clouds
395,Dzhankoy,45.72,34.4,56.19,72,91,5.17,UA,2020-10-19 03:41:18,overcast clouds
396,Moranbah,-22.0,148.05,91.24,21,0,0.94,AU,2020-10-19 03:41:18,clear sky
397,Sampit,-2.53,112.95,79.74,83,100,0.6,ID,2020-10-19 03:41:19,overcast clouds
398,Puerto Escondido,15.85,-97.07,82.4,69,40,3.36,MX,2020-10-19 03:41:19,scattered clouds
399,Klaksvik,62.23,-6.59,41.0,86,100,5.82,FO,2020-10-19 03:41:20,light rain
400,Marienburg,54.04,19.03,37.0,100,62,7.14,PL,2020-10-19 03:41:20,broken clouds
401,Egvekinot,66.32,-179.17,24.51,87,0,0.92,RU,2020-10-19 03:41:20,clear sky
402,Solnechnyy,50.72,136.63,37.78,63,100,4.85,RU,2020-10-19 03:41:20,overcast clouds
403,Nongpoh,25.9,91.88,86.0,94,75,2.44,IN,2020-10-19 03:41:21,mist
404,Lubumbashi,-11.66,27.48,60.15,60,1,3.51,CD,2020-10-19 03:41:21,clear sky
405,Pochutla,15.74,-96.47,80.01,80,87,3.47,MX,2020-10-19 03:41:21,overcast clouds
406,Andira,-0.74,-47.84,74.28,91,45,3.69,BR,2020-10-19 03:41:22,scattered clouds
407,Juli,-16.22,-69.45,36.19,96,98,11.86,PE,2020-10-19 03:41:22,moderate rain
408,Dudinka,69.41,86.18,10.4,92,20,13.42,RU,2020-10-19 03:41:22,few clouds
409,Nobres,-14.72,-56.33,80.06,64,98,1.7,BR,2020-10-19 03:41:23,light rain
410,Tezu,27.92,96.17,75.99,75,76,1.19,IN,2020-10-19 03:41:23,broken clouds
411,Kilindoni,-7.91,39.67,79.11,78,31,8.5,TZ,2020-10-19 03:41:23,scattered clouds
412,Xai-Xai,-25.05,33.64,68.05,77,0,2.8,MZ,2020-10-19 03:41:23,clear sky
413,Pacific Grove,36.62,-121.92,59.0,95,15,1.03,US,2020-10-19 03:38:00,few clouds
414,Kargat,55.2,80.28,34.52,83,54,12.55,RU,2020-10-19 03:41:24,broken clouds
415,Hazorasp,41.32,61.07,42.8,52,0,4.7,UZ,2020-10-19 03:41:24,clear sky
416,Ballina,-28.87,153.57,77.0,64,75,14.99,AU,2020-10-19 03:41:25,broken clouds
417,Santa Cruz De La Palma,28.68,-17.76,75.2,83,61,14.99,ES,2020-10-19 03:41:25,broken clouds
418,Tilichiki,60.47,166.1,38.41,89,91,8.86,RU,2020-10-19 03:38:37,overcast clouds
419,Igarka,67.47,86.58,11.1,95,100,10.0,RU,2020-10-19 03:41:26,overcast clouds
420,Liverpool,53.41,-2.98,50.0,81,97,6.93,GB,2020-10-19 03:39:15,overcast clouds
421,Miguel Hidalgo,19.42,-99.2,60.8,77,75,5.64,MX,2020-10-19 03:41:26,broken clouds
422,Hurricane,37.18,-113.29,73.4,32,1,3.36,US,2020-10-19 03:41:26,clear sky
423,Hofn,64.25,-15.21,39.63,89,100,25.61,IS,2020-10-19 03:41:27,light rain
424,Novyy Urengoy,66.08,76.63,22.46,96,14,10.38,RU,2020-10-19 03:41:27,few clouds
425,Mitchell,43.71,-98.03,35.6,43,90,3.62,US,2020-10-19 03:41:27,overcast clouds
426,Khani,41.96,42.96,55.4,93,40,2.24,GE,2020-10-19 03:36:31,scattered clouds
427,Morro Bay,35.37,-120.85,59.0,98,1,1.63,US,2020-10-19 03:41:28,clear sky
428,Nurota,40.56,65.69,48.2,39,0,4.7,UZ,2020-10-19 03:41:28,clear sky
429,Bandarbeyla,9.49,50.81,79.81,73,0,3.76,SO,2020-10-19 03:41:28,clear sky
430,Fort-Shevchenko,44.51,50.26,60.49,48,0,18.95,KZ,2020-10-19 03:41:28,clear sky
431,Veranopolis,-28.94,-51.55,66.0,95,0,3.4,BR,2020-10-19 03:38:23,clear sky
432,Viransehir,37.24,39.76,61.83,34,33,3.13,TR,2020-10-19 03:41:29,scattered clouds
433,Port Shepstone,-30.74,30.45,66.34,78,90,3.31,ZA,2020-10-19 03:41:29,overcast clouds
434,Muskogee,35.58,-95.33,53.6,93,90,12.75,US,2020-10-19 03:41:30,overcast clouds
435,Estelle,29.85,-90.11,75.0,99,0,6.91,US,2020-10-19 03:41:30,clear sky
436,Walvis Bay,-22.96,14.51,57.99,87,0,9.17,NA,2020-10-19 03:41:30,clear sky
437,Madimba,-10.4,40.33,76.26,82,69,2.01,TZ,2020-10-19 03:41:31,broken clouds
438,Mount Gambier,-37.83,140.77,59.0,54,90,10.29,AU,2020-10-19 03:41:31,overcast clouds
439,Eureka,40.8,-124.16,55.99,91,3,6.87,US,2020-10-19 03:41:31,clear sky
440,Dunedin,-45.87,170.5,53.01,86,100,10.67,NZ,2020-10-19 03:39:01,moderate rain
441,Concordia,-31.39,-58.02,70.48,71,0,8.21,AR,2020-10-19 03:41:32,clear sky
442,Fort Smith,35.39,-94.4,68.0,88,90,3.36,US,2020-10-19 03:37:07,overcast clouds
443,Mecca,21.43,39.83,77.04,18,0,2.24,SA,2020-10-19 03:41:32,clear sky
444,San Carlos,9.66,-68.58,73.02,90,49,2.89,VE,2020-10-19 03:41:33,scattered clouds
445,Atambua,-9.11,124.89,88.23,42,57,1.7,ID,2020-10-19 03:41:33,broken clouds
446,Hit,33.64,42.83,67.42,32,0,1.77,IQ,2020-10-19 03:41:33,clear sky
447,Port Hedland,-20.32,118.57,87.8,43,0,16.11,AU,2020-10-19 03:41:34,clear sky
448,Bilaspur,22.08,82.15,83.73,69,10,5.75,IN,2020-10-19 03:41:34,clear sky
449,Pierre,44.37,-100.35,37.0,55,90,5.82,US,2020-10-19 03:41:34,overcast clouds
450,Victoria,22.29,114.16,79.0,69,5,1.99,HK,2020-10-19 03:41:34,clear sky
451,Acandi,8.51,-77.28,76.37,87,100,2.98,CO,2020-10-19 03:41:34,overcast clouds
452,San Juan Del Sur,11.25,-85.87,81.0,78,99,12.12,NI,2020-10-19 03:41:35,overcast clouds
453,San Jose,37.34,-121.89,70.0,52,20,4.7,US,2020-10-19 03:38:21,few clouds
454,Kaihua,23.37,104.28,55.62,82,100,8.16,CN,2020-10-19 03:41:35,overcast clouds
455,Semibratovo,57.3,39.54,35.6,93,90,11.18,RU,2020-10-19 03:41:35,overcast clouds
456,Avera,33.19,-82.53,59.0,93,1,4.7,US,2020-10-19 03:41:35,clear sky
457,Padang,-0.95,100.35,86.56,57,24,4.05,ID,2020-10-19 03:41:36,few clouds
458,Quatre Cocos,-20.21,57.76,78.01,69,40,11.41,MU,2020-10-19 03:41:36,scattered clouds
459,Esmeraldas,-19.76,-44.31,64.4,82,75,10.29,BR,2020-10-19 03:41:36,broken clouds
460,Yarmouth,41.71,-70.23,48.2,87,1,3.36,US,2020-10-19 03:39:42,clear sky
461,San Patricio,28.02,-97.52,78.8,83,20,11.41,US,2020-10-19 03:38:31,few clouds
462,Vestmanna,62.16,-7.17,41.0,86,99,5.82,FO,2020-10-19 03:41:37,light rain
463,Abu Kamal,34.45,40.92,64.44,33,2,3.22,SY,2020-10-19 03:41:37,clear sky
464,Saint-Augustin,51.23,-58.65,43.83,77,98,2.08,CA,2020-10-19 03:41:38,overcast clouds
465,Grand Gaube,-20.01,57.66,78.01,65,0,7.0,MU,2020-10-19 03:41:38,clear sky
466,Strai,58.2,7.9,41.0,86,100,3.36,NO,2020-10-19 03:41:38,overcast clouds
467,Veinticinco De Mayo,-35.43,-60.17,81.0,65,0,7.0,AR,2020-10-19 03:41:39,clear sky
468,Sao Felix Do Xingu,-6.64,-51.99,75.74,64,33,1.23,BR,2020-10-19 03:41:39,scattered clouds
469,Storforshei,66.4,14.52,27.0,90,92,4.0,NO,2020-10-19 03:41:39,overcast clouds
470,Superior,46.72,-92.1,32.0,93,90,5.82,US,2020-10-19 03:41:08,overcast clouds
471,Ende,-8.84,121.66,87.24,58,80,5.44,ID,2020-10-19 03:41:40,broken clouds
472,Katobu,-4.94,122.53,93.43,40,53,5.91,ID,2020-10-19 03:41:40,broken clouds
473,Kununurra,-15.77,128.73,98.6,32,14,5.82,AU,2020-10-19 03:41:40,few clouds
474,Abu Samrah,35.3,37.18,57.72,68,0,3.15,SY,2020-10-19 03:41:41,clear sky
475,Srednekolymsk,67.45,153.68,25.18,97,88,3.0,RU,2020-10-19 03:41:41,overcast clouds
476,Pryazha,61.69,33.62,32.0,95,100,2.73,RU,2020-10-19 03:41:41,snow
477,Pangani,-5.43,38.97,75.52,83,32,6.8,TZ,2020-10-19 03:41:41,scattered clouds
478,Kasama,-10.21,31.18,61.81,69,0,3.74,ZM,2020-10-19 03:41:42,clear sky
479,Yumen,40.28,97.2,56.26,30,100,27.36,CN,2020-10-19 03:41:42,overcast clouds
480,Yelizovo,53.19,158.38,55.4,54,40,6.71,RU,2020-10-19 03:41:42,scattered clouds
481,Kota Tinggi,1.74,103.9,87.8,70,20,3.36,MY,2020-10-19 03:41:43,few clouds
482,Westerland,54.91,8.3,50.0,57,91,13.87,DE,2020-10-19 03:41:43,overcast clouds
483,Sawakin,19.11,37.33,81.12,66,0,7.38,SD,2020-10-19 03:41:43,clear sky
484,Moose Factory,51.26,-80.61,33.8,99,90,5.82,CA,2020-10-19 03:41:43,overcast clouds
485,Iskateley,67.68,53.15,27.21,96,68,3.65,RU,2020-10-19 03:41:44,broken clouds
486,Burnie,-41.07,145.92,62.01,46,81,7.0,AU,2020-10-19 03:41:44,broken clouds
487,Portland,45.52,-122.68,62.01,83,72,1.99,US,2020-10-19 03:38:09,broken clouds
488,Diego De Almagro,-26.37,-70.05,53.13,63,0,1.54,CL,2020-10-19 03:41:45,clear sky
489,Barreirinha,-2.79,-57.07,78.55,63,81,0.27,BR,2020-10-19 03:41:45,broken clouds
490,Shilovo,54.32,40.87,37.0,76,96,11.01,RU,2020-10-19 03:41:45,overcast clouds
491,Chalon-Sur-Saone,46.78,4.85,37.4,93,29,3.36,FR,2020-10-19 03:38:21,scattered clouds
492,Bonfim,3.08,-59.95,79.12,71,32,4.14,BR,2020-10-19 03:41:46,scattered clouds
493,Panalingaan,8.78,117.42,84.63,68,100,8.55,PH,2020-10-19 03:41:47,overcast clouds
494,Mokhsogollokh,61.47,128.92,21.69,92,80,4.83,RU,2020-10-19 03:41:47,broken clouds
495,Goderich,43.75,-81.72,46.99,87,100,9.86,CA,2020-10-19 03:38:43,overcast clouds
496,Morehead,37.27,-87.18,57.0,91,90,4.38,US,2020-10-19 03:41:47,overcast clouds
497,Ulaanbaatar,47.91,106.88,37.4,40,93,2.24,MN,2020-10-19 03:40:26,overcast clouds
498,Provideniya,64.38,-173.3,37.4,86,20,6.71,RU,2020-10-19 03:41:48,few clouds
499,Batagay-Alyta,67.8,130.41,17.46,86,97,3.4,RU,2020-10-19 03:37:28,overcast clouds
500,Vardo,70.37,31.11,30.2,80,40,6.93,NO,2020-10-19 03:41:48,scattered clouds
501,Rio Grande,-32.03,-52.1,64.99,94,0,10.92,BR,2020-10-19 03:41:36,moderate rain
502,Vanimo,-2.67,141.3,83.88,74,100,5.48,PG,2020-10-19 03:41:49,light rain
503,Isangel,-19.55,169.27,82.4,65,75,10.13,VU,2020-10-19 03:41:49,broken clouds
504,Aksu,41.12,80.26,61.84,27,0,3.62,CN,2020-10-19 03:41:50,clear sky
505,Yokadouma,3.52,15.05,68.79,97,97,0.94,CM,2020-10-19 03:41:50,light rain
506,Sakakah,29.97,40.21,62.6,18,0,4.09,SA,2020-10-19 03:41:50,clear sky
507,Viljoenskroon,-27.21,26.95,66.67,26,2,3.4,ZA,2020-10-19 03:41:50,clear sky
508,Pyaozerskiy,65.83,31.17,33.24,94,100,17.45,RU,2020-10-19 03:41:50,overcast clouds
509,Aykhal,66.0,111.5,14.0,92,90,4.47,RU,2020-10-19 03:41:19,light snow
510,Arbuzynka,47.91,31.32,42.19,80,0,7.05,UA,2020-10-19 03:41:51,clear sky
511,Dwarka,22.24,68.97,86.22,67,34,5.75,IN,2020-10-19 03:41:51,scattered clouds
512,Azangaro,-14.92,-70.22,45.01,61,60,2.13,PE,2020-10-19 03:41:52,broken clouds
513,Tonami,37.0,137.73,60.8,63,90,3.36,JP,2020-10-19 03:41:52,overcast clouds
514,Kyaikto,17.3,97.02,79.74,77,100,7.0,MM,2020-10-19 03:41:52,overcast clouds
515,Chippewa Falls,44.94,-91.39,32.0,63,90,4.52,US,2020-10-19 03:38:55,overcast clouds
516,Parana,-31.73,-60.52,82.0,53,0,5.01,AR,2020-10-19 03:38:33,clear sky
517,Khvoynaya,58.9,34.53,35.58,87,87,11.03,RU,2020-10-19 03:41:53,overcast clouds
518,Skibbereen,51.55,-9.27,53.6,93,75,14.99,IE,2020-10-19 03:41:53,broken clouds
519,Ipixuna,-1.76,-48.8,77.0,88,16,8.05,BR,2020-10-19 03:41:54,few clouds
520,Fort Nelson,58.81,-122.7,24.8,53,20,4.7,CA,2020-10-19 03:41:54,few clouds
521,Hauterive,46.09,3.45,37.99,86,10,2.24,FR,2020-10-19 03:41:55,clear sky
522,Kavaratti,10.57,72.64,100.4,45,20,5.82,IN,2020-10-19 03:37:26,few clouds
523,Pattukkottai,10.43,79.32,85.96,64,64,10.31,IN,2020-10-19 03:41:55,broken clouds
524,Rio De Janeiro,-22.9,-43.21,73.4,73,20,17.22,BR,2020-10-19 03:38:27,few clouds
525,Narsaq,60.92,-46.05,39.2,86,98,3.36,GL,2020-10-19 03:41:56,light rain
526,Berlevag,70.86,29.09,33.8,75,40,8.05,NO,2020-10-19 03:40:50,scattered clouds
527,Pavlovsk,50.46,40.11,39.97,82,56,5.46,RU,2020-10-19 03:41:56,broken clouds
528,Davila,18.47,120.58,91.4,55,40,8.05,PH,2020-10-19 03:41:57,scattered clouds
529,Turukhansk,65.82,87.98,14.85,96,100,11.99,RU,2020-10-19 03:41:57,light snow
530,Alamos,27.02,-108.93,84.0,77,4,1.99,MX,2020-10-19 03:41:57,clear sky
531,Comodoro Rivadavia,-45.87,-67.5,46.4,42,2,27.51,AR,2020-10-19 03:41:58,clear sky
532,Nandgaon,20.32,74.65,81.46,72,39,6.46,IN,2020-10-19 03:41:58,light rain
533,Kurilsk,45.23,147.88,54.1,70,28,16.02,RU,2020-10-19 03:41:58,scattered clouds
534,Balikpapan,-1.27,116.83,78.8,88,40,2.24,ID,2020-10-19 03:41:58,light rain
535,Yining,29.04,114.56,66.52,64,47,4.34,CN,2020-10-19 03:41:58,scattered clouds
536,Moron,-34.65,-58.62,80.01,69,0,5.01,AR,2020-10-19 03:38:45,clear sky
537,Balkhash,46.84,74.98,33.8,64,0,20.13,KZ,2020-10-19 03:41:59,clear sky
538,Sayyan,15.17,44.32,52.9,39,0,4.27,YE,2020-10-19 03:41:59,clear sky
539,Sooke,48.37,-123.73,55.0,92,100,5.99,CA,2020-10-19 03:41:59,overcast clouds
540,Gat,31.61,34.76,71.6,83,75,3.36,IL,2020-10-19 03:40:05,broken clouds
541,Palmer,42.16,-72.33,45.0,81,75,3.65,US,2020-10-19 03:42:00,broken clouds
542,Muisne,0.6,-80.03,74.03,87,100,13.38,EC,2020-10-19 03:42:00,overcast clouds
543,Guozhen,34.37,107.36,66.61,29,13,2.1,CN,2020-10-19 03:42:00,few clouds
544,Goba,7.02,39.98,49.06,84,30,3.83,ET,2020-10-19 03:42:01,scattered clouds
545,Calatayud,41.35,-1.64,48.0,61,24,3.44,ES,2020-10-19 03:42:01,few clouds
546,Cedar Lake,41.36,-87.44,39.2,100,1,4.7,US,2020-10-19 03:42:01,clear sky
547,Duayaw Nkwanta,7.17,-2.1,70.32,100,85,2.3,GH,2020-10-19 03:42:02,overcast clouds
548,Verkhnyaya Sinyachikha,57.98,61.67,40.08,89,100,9.33,RU,2020-10-19 03:42:02,light rain
549,Tiarei,-17.53,-149.33,84.2,66,20,6.93,PF,2020-10-19 03:42:02,few clouds
550,Baicheng,45.62,122.82,55.0,92,0,8.81,CN,2020-10-19 03:42:03,clear sky
551,Auki,-8.77,160.7,82.51,78,32,1.34,SB,2020-10-19 03:42:03,moderate rain
552,Arlit,18.74,7.39,84.02,15,0,2.8,NE,2020-10-19 03:42:03,clear sky
553,Mitsamiouli,-11.38,43.28,78.37,76,12,11.14,KM,2020-10-19 03:41:26,few clouds
554,Oksfjord,70.24,22.35,28.4,92,0,6.93,NO,2020-10-19 03:42:04,clear sky
555,Vila,42.03,-8.16,57.99,51,97,5.99,PT,2020-10-19 03:42:04,overcast clouds
556,Nizhniy Kuranakh,58.84,125.49,27.43,86,0,5.28,RU,2020-10-19 03:42:05,clear sky
557,Trat,12.5,102.5,82.4,83,40,2.24,TH,2020-10-19 03:42:05,scattered clouds
558,Adelaide,-34.93,138.6,66.99,48,20,14.99,AU,2020-10-19 03:39:24,few clouds
559,Phalaborwa,-23.94,31.14,73.4,64,4,4.7,ZA,2020-10-19 03:42:06,clear sky
560,Zharkent,44.16,80.0,57.96,34,0,9.42,KZ,2020-10-19 03:42:07,clear sky
561,Stykkisholmur,65.08,-22.73,39.29,75,12,16.13,IS,2020-10-19 03:42:07,few clouds
562,Tateyama,34.98,139.87,64.4,63,75,17.22,JP,2020-10-19 03:42:07,broken clouds
563,Leshukonskoye,64.9,45.76,29.89,97,99,8.48,RU,2020-10-19 03:42:08,overcast clouds
564,La Libertad,-2.23,-80.9,69.82,85,90,12.68,EC,2020-10-19 03:42:08,overcast clouds
565,Rio Cuarto,-33.13,-64.35,81.46,48,0,15.17,AR,2020-10-19 03:42:08,clear sky
566,Northam,51.03,-4.22,50.0,87,100,8.01,GB,2020-10-19 03:42:08,overcast clouds
567,Da Nang,16.07,108.22,82.4,83,75,2.28,VN,2020-10-19 03:38:40,broken clouds
568,San Carlos De Bariloche,-41.15,-71.31,41.0,80,75,20.8,AR,2020-10-19 03:42:09,broken clouds
569,Tyukalinsk,55.87,72.2,36.37,77,100,17.05,RU,2020-10-19 03:42:09,overcast clouds
570,Ternate,0.8,127.4,85.03,68,89,9.98,ID,2020-10-19 03:42:10,light rain
571,Clyde River,70.47,-68.59,33.8,97,90,27.51,CA,2020-10-19 03:42:09,mist
572,Kasempa,-13.46,25.83,61.59,40,0,4.83,ZM,2020-10-19 03:42:10,clear sky
573,Tonj,7.27,28.68,68.88,93,45,2.64,SS,2020-10-19 03:42:11,scattered clouds
574,Buraydah,26.33,43.98,57.2,41,0,3.36,SA,2020-10-19 03:41:49,clear sky
575,Xiaoweizhai,26.19,107.51,56.86,62,94,6.2,CN,2020-10-19 03:41:03,overcast clouds
576,Antofagasta,-23.65,-70.4,57.2,87,90,8.05,CL,2020-10-19 03:42:12,light intensity drizzle
577,Mayo,38.89,-76.51,59.0,87,40,4.7,US,2020-10-19 03:42:12,scattered clouds
578,Ixtapa,20.7,-105.2,84.2,83,40,2.64,MX,2020-10-19 03:42:12,scattered clouds
579,Poum,-20.23,164.02,74.7,66,0,12.26,NC,2020-10-19 03:42:12,clear sky
580,Lingao,19.91,109.69,75.9,82,100,23.47,CN,2020-10-19 03:42:13,overcast clouds
581,Benalla,-36.55,145.98,69.01,49,75,8.05,AU,2020-10-19 03:42:13,broken clouds
582,Luganville,-15.53,167.17,82.4,65,75,9.17,VU,2020-10-19 03:42:13,broken clouds
583,Morondava,-20.28,44.28,75.49,77,20,5.97,MG,2020-10-19 03:42:14,few clouds
584,Soyo,-6.13,12.37,76.48,86,76,6.89,AO,2020-10-19 03:42:14,broken clouds
585,Erzin,36.96,36.2,71.01,87,0,1.48,TR,2020-10-19 03:42:14,clear sky
586,Calatrava,10.6,123.48,84.2,79,90,6.93,PH,2020-10-19 03:42:15,light rain
587,Kazachka,53.36,38.07,39.92,83,81,11.79,RU,2020-10-19 03:42:15,broken clouds
588,Alta Floresta,-9.88,-56.09,70.2,97,100,4.16,BR,2020-10-19 03:41:52,overcast clouds
589,Garachine,8.06,-78.36,78.85,85,94,7.63,PA,2020-10-19 03:42:15,light rain
590,Yanam,16.73,82.22,82.4,83,90,6.93,IN,2020-10-19 03:42:15,light rain
591,Mabamba,-3.6,30.5,67.44,66,52,1.07,TZ,2020-10-19 03:42:16,broken clouds
592,Yar-Sale,66.83,70.83,21.31,96,0,7.61,RU,2020-10-19 03:41:55,clear sky
593,Matiompong,6.7,124.57,89.08,62,100,2.98,PH,2020-10-19 03:42:16,light rain
594,Maceio,-9.67,-35.74,68.0,94,60,3.36,BR,2020-10-19 03:38:37,broken clouds
595,Turtas,58.94,69.13,32.25,98,100,12.75,RU,2020-10-19 03:42:17,overcast clouds
596,Ekhabi,53.51,142.97,32.65,92,100,20.65,RU,2020-10-19 03:42:17,overcast clouds
597,Celestun,20.87,-90.4,79.5,83,0,12.68,MX,2020-10-19 03:42:17,light rain
598,Clarksville,36.53,-87.36,57.99,100,90,5.82,US,2020-10-19 03:42:17,mist
599,Parrita,9.52,-84.32,69.8,94,100,2.24,CR,2020-10-19 03:42:18,overcast clouds
600,Morganton,35.75,-81.68,48.2,100,1,2.1,US,2020-10-19 03:42:18,clear sky
601,Beni,0.5,29.47,60.48,100,47,1.34,CD,2020-10-19 03:42:18,scattered clouds
602,Pinega,64.7,43.39,30.13,98,100,9.55,RU,2020-10-19 03:42:19,snow
603,Dire Dawa,9.59,41.87,72.82,42,0,1.74,ET,2020-10-19 03:42:20,clear sky
604,Kichmengskiy Gorodok,59.98,45.79,36.23,90,99,9.57,RU,2020-10-19 03:42:20,overcast clouds
605,Axim,4.87,-2.24,76.84,87,52,5.46,GH,2020-10-19 03:42:20,broken clouds
606,Port-Cartier,50.03,-66.87,39.99,80,75,8.05,CA,2020-10-19 03:42:20,broken clouds
607,Daru,-9.08,143.21,84.16,72,93,12.44,PG,2020-10-19 03:42:21,overcast clouds
608,Kabare,-2.47,28.82,61.0,81,56,1.57,CD,2020-10-19 03:42:21,broken clouds
609,Mangrol,21.12,70.12,84.79,71,70,6.58,IN,2020-10-19 03:42:21,broken clouds
610,Mangit,40.6,70.96,53.6,54,0,5.19,UZ,2020-10-19 03:42:21,clear sky
611,Eugene,44.05,-123.09,61.0,77,75,4.7,US,2020-10-19 03:42:01,broken clouds
612,Kitami,43.8,143.89,62.6,33,40,4.7,JP,2020-10-19 03:42:22,scattered clouds
613,Coronado,32.69,-117.18,72.0,78,40,6.93,US,2020-10-19 03:42:22,scattered clouds
614,Sola,-13.88,167.55,82.4,83,90,19.08,VU,2020-10-19 03:42:23,overcast clouds
615,Aswan,24.09,32.91,76.64,24,0,6.13,EG,2020-10-19 03:42:23,clear sky
616,Pinheiro Machado,-31.58,-53.38,64.0,72,0,11.99,BR,2020-10-19 03:42:23,clear sky
617,Storrs,41.81,-72.25,43.0,87,1,3.24,US,2020-10-19 03:42:23,clear sky
618,Kouqian,43.64,126.46,59.83,36,0,13.53,CN,2020-10-19 03:42:23,clear sky
619,Tual,-5.67,132.75,80.92,78,44,12.93,ID,2020-10-19 03:42:24,scattered clouds
620,Champerico,14.3,-91.92,69.01,96,98,2.73,GT,2020-10-19 03:42:24,overcast clouds
621,Mkushi,-13.62,29.39,62.8,37,1,5.14,ZM,2020-10-19 03:42:24,clear sky
622,Shache,38.42,77.24,62.98,26,0,3.29,CN,2020-10-19 03:42:25,clear sky
623,Sabang,5.89,95.32,83.95,70,89,6.67,ID,2020-10-19 03:42:25,overcast clouds
624,Mogadishu,2.04,45.34,79.2,80,21,9.73,SO,2020-10-19 03:42:25,few clouds
625,Limbang,4.75,115.0,75.2,94,75,4.7,MY,2020-10-19 03:42:26,moderate rain
626,Santiago Del Estero,-27.8,-64.26,86.27,40,0,13.69,AR,2020-10-19 03:41:17,clear sky
627,Methoni,36.82,21.7,62.01,87,11,9.62,GR,2020-10-19 03:42:26,few clouds
628,Ayna,-12.65,-73.92,59.88,80,78,0.69,PE,2020-10-19 03:42:27,broken clouds
629,Monticello,45.31,-93.79,30.99,63,75,4.18,US,2020-10-19 03:42:27,broken clouds
630,Finnsnes,69.23,17.98,14.0,85,0,10.29,NO,2020-10-19 03:42:27,clear sky
631,Itamarandiba,-17.86,-42.86,61.36,91,100,6.33,BR,2020-10-19 03:40:00,overcast clouds
632,Adwa,14.16,38.9,60.73,65,0,2.19,ET,2020-10-19 03:42:28,clear sky
633,Kimbe,-5.55,150.14,87.62,60,99,4.68,PG,2020-10-19 03:42:29,light rain
634,Frederico Westphalen,-27.36,-53.39,62.38,57,0,3.02,BR,2020-10-19 03:42:29,clear sky
635,Krasnoturinsk,59.77,60.21,36.55,95,100,7.43,RU,2020-10-19 03:42:29,overcast clouds
636,Acajutla,13.59,-89.83,80.28,80,86,9.06,SV,2020-10-19 03:39:52,overcast clouds
637,Inhambane,-23.86,35.38,70.32,76,0,4.79,MZ,2020-10-19 03:38:42,clear sky
638,Vitim,59.45,112.56,38.68,94,100,6.15,RU,2020-10-19 03:42:30,light rain
639,Antsirabe,-19.85,47.03,59.54,76,85,5.44,MG,2020-10-19 03:42:30,overcast clouds
640,Bathurst,-33.42,149.58,63.0,61,40,1.99,AU,2020-10-19 03:38:33,scattered clouds
641,Pauini,-7.71,-66.98,72.03,94,99,2.04,BR,2020-10-19 03:42:31,overcast clouds
642,Pontianak,-0.03,109.33,90.79,55,66,3.42,ID,2020-10-19 03:42:31,broken clouds
643,Alghero,40.56,8.32,48.99,100,0,3.36,IT,2020-10-19 03:42:32,clear sky
644,Santa Vitoria,-18.84,-50.12,74.59,60,82,9.31,BR,2020-10-19 03:42:32,broken clouds
645,Kasongo,-4.45,26.67,67.06,97,94,2.37,CD,2020-10-19 03:42:32,overcast clouds
646,Hasaki,35.73,140.83,66.0,68,75,5.82,JP,2020-10-19 03:42:14,broken clouds
647,Kaspiyskiy,45.39,47.37,57.83,75,43,7.14,RU,2020-10-19 03:42:33,scattered clouds
648,Castro Verde,37.7,-8.09,57.2,71,5,8.05,PT,2020-10-19 03:42:33,clear sky
649,Bolshaya Rechka,51.95,104.74,37.4,93,75,31.32,RU,2020-10-19 03:42:33,light intensity shower rain
650,Winchester,51.07,-1.32,48.0,93,93,2.24,GB,2020-10-19 03:42:34,haze
651,Camabatela,-8.19,15.38,64.31,100,100,3.6,AO,2020-10-19 03:42:34,overcast clouds
652,Ostersund,63.18,14.64,28.4,68,10,13.87,SE,2020-10-19 03:42:34,clear sky
653,Ponta Delgada,37.73,-25.67,59.0,87,40,20.8,PT,2020-10-19 03:42:35,light intensity shower rain
654,Erenhot,43.65,111.98,55.78,31,4,20.49,CN,2020-10-19 03:42:35,clear sky
655,Williams Lake,52.14,-122.14,32.0,92,90,4.7,CA,2020-10-19 03:42:36,mist
656,Riviera Beach,26.78,-80.06,81.0,78,75,17.22,US,2020-10-19 03:42:36,broken clouds
657,Zeya,53.75,127.27,32.34,80,0,3.04,RU,2020-10-19 03:42:36,clear sky
658,Seoul,37.57,126.98,68.0,52,20,3.36,KR,2020-10-19 03:37:54,few clouds
659,Ostrozska Nova Ves,49.0,17.44,42.01,89,16,3.15,CZ,2020-10-19 03:42:37,few clouds
660,Hammerfest,70.66,23.68,28.4,92,0,5.82,NO,2020-10-19 03:42:37,clear sky
661,Roros,62.57,11.38,32.0,95,33,13.87,NO,2020-10-19 03:42:38,scattered clouds
662,Olinda,-8.01,-34.86,78.8,69,40,11.41,BR,2020-10-19 03:42:38,scattered clouds
663,Junin,-34.58,-60.94,78.01,68,0,11.01,AR,2020-10-19 03:41:43,clear sky
664,Hohhot,40.81,111.65,50.0,31,0,4.47,CN,2020-10-19 03:42:39,clear sky
665,Zemio,5.03,25.14,67.39,94,36,0.36,CF,2020-10-19 03:42:39,scattered clouds
666,Londa,15.47,74.52,75.2,88,40,3.87,IN,2020-10-19 03:42:39,mist
667,Wildberg,48.62,8.75,45.0,100,89,1.12,DE,2020-10-19 03:42:39,overcast clouds
668,Susanville,40.42,-120.65,60.8,26,1,4.7,US,2020-10-19 03:42:40,haze
669,Caravelas,-17.71,-39.25,72.27,78,96,7.54,BR,2020-10-19 03:39:43,overcast clouds
670,Volos,39.37,22.95,55.4,62,20,4.7,GR,2020-10-19 03:42:41,few clouds
671,Male,4.17,73.51,86.0,74,75,12.75,MV,2020-10-19 03:42:41,broken clouds
672,Strezhevoy,60.73,77.59,26.6,92,40,11.18,RU,2020-10-19 03:41:31,scattered clouds
673,Binzhou,37.37,118.02,71.67,22,0,5.91,CN,2020-10-19 03:42:41,clear sky
674,Tabuk,17.42,121.44,85.14,68,39,6.73,PH,2020-10-19 03:42:42,scattered clouds
675,Port Hawkesbury,45.62,-61.35,45.0,100,1,6.93,CA,2020-10-19 03:42:42,clear sky
676,Krasnoselkup,65.7,82.47,18.66,97,72,9.89,RU,2020-10-19 03:42:42,broken clouds
677,Lagoa,39.05,-27.98,62.11,74,6,21.16,PT,2020-10-19 03:42:42,light rain
678,Tubinskiy,52.89,58.22,32.0,63,20,11.18,RU,2020-10-19 03:42:43,few clouds
679,Jiazi,22.88,116.07,77.13,68,26,15.95,CN,2020-10-19 03:42:43,scattered clouds
680,Alenquer,-1.94,-54.74,82.4,74,34,4.7,BR,2020-10-19 03:42:43,scattered clouds
681,Waynesville,35.49,-82.99,51.01,63,0,3.2,US,2020-10-19 03:42:43,clear sky
682,Krabi,8.07,98.91,90.0,79,40,2.24,TH,2020-10-19 03:42:43,scattered clouds
683,Ratnagiri,16.98,73.3,81.43,78,100,0.11,IN,2020-10-19 03:42:44,overcast clouds
684,Miranda,3.25,-76.23,69.8,83,75,4.7,CO,2020-10-19 03:42:44,broken clouds
685,Bridgetown,13.1,-59.62,77.0,88,20,3.36,BB,2020-10-19 03:41:15,few clouds
